皮膚'ID,����,�ގ��x���茋��,�ގ��x,��v�����茋��,��v��,�e�L�X�g�ԃ`�F�b�N����,�e�L�X�g�ގ��x,"�ގ��x���� �Ώ�URL1","�ގ��x���� �T�C�g�^�C�g��1","�ގ��x���� �Ώ�URL2","�ގ��x���� �T�C�g�^�C�g��2","�ގ��x���� �Ώ�URL3","�ގ��x���� �T�C�g�^�C�g��3","�ގ��x���� �Ώ�URL4","�ގ��x���� �T�C�g�^�C�g��4","�ގ��x���� �Ώ�URL5","�ގ��x���� �T�C�g�^�C�g��5","�ގ��x���� �Ώ�URL6","�ގ��x���� �T�C�g�^�C�g��6","�ގ��x���� �Ώ�URL7","�ގ��x���� �T�C�g�^�C�g��7","�ގ��x���� �Ώ�URL8","�ގ��x���� �T�C�g�^�C�g��8","�ގ��x���� �Ώ�URL9","�ގ��x���� �T�C�g�^�C�g��9","�ގ��x���� �Ώ�URL10","�ގ��x���� �T�C�g�^�C�g��10","��v������ �Ώ�URL1","��v������ �T�C�g�^�C�g��1","��v������ �Ώ�URL2","��v������ �T�C�g�^�C�g��2","��v������ �Ώ�URL3","��v������ �T�C�g�^�C�g��3","��v������ �Ώ�URL4","��v������ �T�C�g�^�C�g��4","��v������ �Ώ�URL5","��v������ �T�C�g�^�C�g��5","��v������ �Ώ�URL6","��v������ �T�C�g�^�C�g��6","��v������ �Ώ�URL7","��v������ �T�C�g�^�C�g��7","��v������ �Ώ�URL8","��v������ �T�C�g�^�C�g��8","��v������ �Ώ�URL9","��v������ �T�C�g�^�C�g��9","��v������ �Ώ�URL10","��v������ �T�C�g�^�C�g��10","�e�L�X�g�ԃ`�F�b�N �Ώ�URL1","�e�L�X�g�ԃ`�F�b�N �Ώ�URL2","�e�L�X�g�ԃ`�F�b�N �Ώ�URL3","�e�L�X�g�ԃ`�F�b�N �Ώ�URL4","�e�L�X�g�ԃ`�F�b�N �Ώ�URL5","�e�L�X�g�ԃ`�F�b�N �Ώ�URL6","�e�L�X�g�ԃ`�F�b�N �Ώ�URL7","�e�L�X�g�ԃ`�F�b�N �Ώ�URL8","�e�L�X�g�ԃ`�F�b�N �Ώ�URL9","�e�L�X�g�ԃ`�F�b�N �Ώ�URL10",�`�F�b�NURL,����
31708040,"���݌o�c�̃L���b�V���t���[ �v�Z�V�~�����[�V����
���݌o�c�̃L���b�V���t���[�iCF�j���T�Z�v�Z���܂��B �L���b�V���t���[�c���[�Ŏ��x���������A�ň��OCF�iBTCF�j���Z�o�ł��܂��B

�L���b�V���t���[���T�Z�v�Z����
�N�Ԗ����z������iGPI�j
500
���~
�󎺗�
5
%
�N�ԉ^�c�o��iOPEX�j
300
���~
���Ǘ���A�C�U��A�Œ莑�Y�ŁA�ی������̍��v

�N�ԃ��[���ԍϊz�iADS�j
250
���~
�������{�����̍��v

�L���b�V���t���[�c���[

GPI�i�����N���j
500���~
- �󎺑��i5%�j
-25���~
= EGI�i�L���������j
475���~
- OPEX�i�^�c�o��j
-300���~
= NOI�i�c�Ə����v�j
175���~
- ADS�i���[���ԍρj
-250���~
�ň��OCF�iBTCF�j
-75���~/�N
����BTCF
-6.25���~/��
DSCR
0.70
�o�
63.2%
�v�Z��

BTCF = NOI - ADS

= 175���~ - 250���~

= -75���~/�N

���{�v�Z���ʂ͊T�Z�l�ł��B���ۂ̋��z�͈قȂ�ꍇ������܂��B

���ŏI�I�Ȕ��f�͐��Ɓi�ŗ��m�E��ƎҁE�i�@���m���j�ɂ����k���������B

�ڎ�
1. �L���b�V���t���[�iCF�j�Ƃ�
1-1. �L���b�V���t���[�̌v�Z��
2. �L���b�V���t���[�c���[
1. �L���b�V���t���[�iCF�j�Ƃ�
�L���b�V���t���[�iCF: Cash Flow�j�́A���݌o�c�ɂ����Ď��ۂɎ茳�Ɏc�錻���̗����\���܂��B ��������o��⃍�[���ԍς�������������A�ŏI�I�ɂ�����茳�Ɏc�邩��c�����邽�߂̎w�W�ł��B

�L���b�V���t���[���v���X�ł���Ύ������x�o�������Ă����ԁA�}�C�i�X�ł���Ύ����o�����������Ă����Ԃ��Ӗ����܂��B

1-1. �L���b�V���t���[�̌v�Z��
BTCF�i�ň��OCF�j= NOI - ADS

NOI: �c�Ə����v�AADS: �N�ԃ��[���ԍϊz

�ň���̃L���b�V���t���[�́A�����󋵂�K�p�����ŗ��ɂ��قȂ�܂��B �ڍׂȐŋ��v�Z�ɂ��Ă͐ŗ��m�ɂ����k���������B

2. �L���b�V���t���[�c���[
�L���b�V���t���[�c���[�́A��������ŏI�I�Ȏ���܂ł̗���������������̂ł��B

GPI�F�����ݎ����i�������̔N�Ԏ����j
EGI�F�L���������iGPI����󎺑��������������z�j
NOI�F�c�Ə����v�iEGI����^�c�o��������������z�j
BTCF�F�ň��O�L���b�V���t���[�iNOI���烍�[���ԍς������������z�j
ATCF�F�ň���L���b�V���t���[�iBTCF����ŋ��������������z�j",�ǍD,10%,�ǍD,42%,�ǍD,43%,https://www.daiwahouse.co.jp/tochikatsu/souken/scolumn/sclm498.html,"���ݏZ��o�c���s����ŁA���ӂ��ׂ��w�W�Ƃ� - ��a�n�E�X�H�� ",https://www.artavenue.co.jp/useful/cash-flow-tree_001/,"�s���Y������ �L���b�V���t���[�c���[ �Ƃ́H �v�Z���@�� ... ",https://rengotai.rals.co.jp/column/realestate-cpm,"�s���Y�����ɖ𗧂�CPM���_�bCF�EIRV�E3�̗����œ��� ... ",https://dear-reicious-online.jp/archives/1140,"�y����z�s���Y�����L���b�V���t���[�v�Z�V�~�����[�V���� ",https://biz.moneyforward.com/accounting/basic/120/,"�L���b�V���t���[�v�Z���iC/F�j�Ƃ́H�}���Ō�����o�c�� ... ",https://www.freee.co.jp/kb/kb-accounting/cash_flow/,"�L���b�V���E�t���[�Ƃ́H�l������v�Z���̍쐬���@���킩�� ... ",https://manshitsu.life/posts/detail/90,"�s���Y�����ƕK���I�L���b�V���t���[�̏d�v���ƌv�Z���@ ",https://channel.gate.estate/archives/9930431644,"����ł��񂽂����I�s���Y�����p�� �[ �ň��O�L���b�V�� ... ",https://www.mizuhobank.co.jp/corporate/account/tips/topic_21.html,"�L���b�V���t���[�Ƃ́H�v�Z���@�╪�͂���ۂ̍l��������� ",https://twinb.co.jp/contents/962,"�s���Y�������͂̊�{�w�L���b�V���t���[�c���[�x�𗝉����� ",https://www.daiwahouse.co.jp/tochikatsu/souken/scolumn/sclm498.html,"���ݏZ��o�c���s����ŁA���ӂ��ׂ��w�W�Ƃ� - ��a�n�E�X�H�� ",https://channel.gate.estate/archives/9930431644,"����ł��񂽂����I�s���Y�����p�� �[ �ň��O�L���b�V�� ... ",https://rengotai.rals.co.jp/column/realestate-cpm,"�s���Y�����ɖ𗧂�CPM���_�bCF�EIRV�E3�̗����œ��� ... ",https://dear-reicious-online.jp/archives/1140,"�y����z�s���Y�����L���b�V���t���[�v�Z�V�~�����[�V���� ",https://www.tson.co.jp/media/rei/rei-basic/�L�[���[�h/652/,"�L���b�V���t���[ | �s���YAI������ - �������TSON ",https://www.asset-value.jp/news/2020/10/16/900/,"�A�X�p�̒��݌o�c���P�m?   �N�ł��ȒP�ɕ�����I�s���Y���� ... ",https://www.artavenue.co.jp/useful/cash-flow-tree_001/,"�s���Y������ �L���b�V���t���[�c���[ �Ƃ́H �v�Z���@�� ... ",https://ir-i.jp/realestate/?p=454,"�L���b�V���t���[�c���[�ł����̗����ǐՁI �s���Y���� ... ",https://www.agent-hp.com/real-estate-cashflow-tree-basics/,"�s���Y�����ׂ͖���́H�L���b�V���t���[�c���[���w�ڂ��I ",https://owners-age.com/blog/column20210122,"�y�R�����z�������l���͂���u5�̗����v�B�s���Y���͂� ... ",https://ccd.cloud/Result/detail?id=31701420,https://ccd.cloud/Result/detail?id=31703152,https://ccd.cloud/Result/detail?id=31707715,https://ccd.cloud/Result/detail?id=31701441,https://ccd.cloud/Result/detail?id=31701435,https://ccd.cloud/Result/detail?id=31701385,https://ccd.cloud/Result/detail?id=31701412,https://ccd.cloud/Result/detail?id=31701403,https://ccd.cloud/Result/detail?id=31707515,https://ccd.cloud/Result/detail?id=31703148,,
