深掘調査	
キーワード

区分

SEO難易度

月間検索数

CPC（$）

競合性

賃貸経営管理士	＋	44	2900	1.49	2
賃貸経営	＋	32	1300	9.36	68
賃貸経営管理士 試験日	＋	44	390	0	1
賃貸経営管理士 過去問	＋	42	390	0	6
賃貸経営サポート	＋	28	390	4.9	22
賃貸経営管理士 難易度	＋	40	210	1.72	2
賃貸経営管理士 合格点	＋	41	170	0	0
賃貸経営マップ	＋	28	210	7.08	36
賃貸経営管理士 合格ライン	＋	-	110	0	0
賃貸経営管理士 勉強時間	＋	54	90	0	1
賃貸経営 利回り	＋	29	70	3.41	51
賃貸経営 経費	＋	-	70	3.7	29
賃貸経営 資格	＋	39	50	4.56	10
賃貸経営 法人化	＋	27	50	5.21	64
賃貸経営 初期費用	＋	-	30	3.02	77
賃貸経営 ホームズ	＋	38	210	7.69	21
賃貸経営 税金	＋	-	30	2.8	26
賃貸経営 必要経費	＋	-	10	3.58	50
賃貸経営 ローン	＋	-	20	7.83	77
賃貸経営 本	＋	-	20	4.23	100
賃貸経営管理士 合格率	＋＋	-	140	0	0
賃貸経営管理士 合格発表	＋＋	44	90	0	1
賃貸経営管理士 テキスト	＋＋	47	90	0.69	79
賃貸経営不動産管理士	＋＋	41	40500	1.28	5
賃貸経営管理士 試験日 2026	＋＋	-	0	0	0
賃貸経営管理士 試験日 2025	＋＋	-	10	0	0
賃貸経営管理士 過去問道場	＋＋	-	70	0	0
賃貸経営管理士 過去問解説	＋＋	-	20	0	8
賃貸経営サポート 問い合わせ	＋＋	-	30	7.53	31
賃貸経営サポート 大阪	＋＋	-	10	4.11	40
賃貸経営サポート suumo	＋＋	-	20	12.52	27
賃貸経営サポート 最悪	＋＋	-	40	0	5
賃貸経営サポート レビュー	＋＋	-	50	0	3
賃貸経営サポート 電話 番号	＋＋	-	20	0	7
賃貸経営サポート 退去	＋＋	-	10	0	1
賃貸経営管理士 合格点予想	＋＋	-	30	0	0
賃貸経営管理士 合格点数	＋＋	-	10	0	0
賃貸経営管理士 合格点 過去	＋＋	-	0	0	0
賃貸経営管理士 合格点 令和7年	＋＋	-	0	0	0
賃貸経営管理士 合格点 2025	＋＋	-	0	0	0
賃貸経営管理士 合格点推移	＋＋	-	0	0	0
賃貸経営管理士 合格点発表	＋＋	-	0	0	0
賃貸経営管理士 合格点 速報	＋＋	-	0	0	0
賃貸経営管理士 合格点予想 2025	＋＋	-	0	0	0
賃貸経営マップ 楽待	＋＋	-	0	0	0
賃貸経営マップ アプリ	＋＋	-	20	5.25	37
楽街 賃貸経営マップ	＋＋	-	0	0	0
楽町 賃貸経営マップ	＋＋	-	10	3.45	35
ホームズ 賃貸経営マップ	＋＋	-	0	0	0
らくまち 賃貸経営マップ	＋＋	-	0	0	0
賃貸経営管理士 合格ライン 2025	＋＋	-	10	0	0
賃貸経営管理士 合格ライン 予想	＋＋	-	0	0	0
賃貸経営管理士 合格ライン 令和7年	＋＋	-	0	0	0
賃貸経営管理士 合格ライン 2024	＋＋	-	0	0	0
賃貸経営 利回り計算	＋＋	-	10	2.44	57
賃貸経営 利回り 目安	＋＋	-	20	2.56	50
賃貸経営 利回りとは	＋＋	-	10	2.06	62
賃貸経営 経費率	＋＋	-	10	0	7
賃貸経営 経費計上	＋＋	-	10	0	27
賃貸経営 経費になるもの	＋＋	-	10	0	86
賃貸経営 経費 車	＋＋	-	0	0	0
不動産 賃貸経営 資格	＋＋	-	10	0	3
賃貸経営 法人化 メリット	＋＋	-	10	3.33	55
賃貸経営 法人化 デメリット	＋＋	-	10	0	0
賃貸経営 法人化 いくらから	＋＋	-	0	0	0
ホームズ 見える 賃貸経営	＋＋	-	170	5.12	20
ホームズ不動産投資 見える 賃貸経営	＋＋	-	10	0	13
賃貸経営 税金対策	＋＋	46	10	0	71
賃貸経営 ローン 金利	＋＋	-	10	2.59	60
賃貸経営 ローン 経費	＋＋	-	10	3.77	46
賃貸経営 本 おすすめ	＋＋	-	10	0	59
50坪 賃貸経営	＋α	-	10	0	0
賃貸経営 青色申告	＋α	-	10	1.04	40
賃貸経営 赤字	＋α	-	10	0	19
賃貸経営 アパート	＋α	31	140	10.03	76
賃貸経営 アプリ	＋α	-	10	5.3	66
賃貸経営 赤字 確定申告	＋α	-	0	0	0
賃貸経営 アットホーム	＋α	-	0	0	0
賃貸経営 頭金	＋α	-	10	0	100
賃貸経営 一戸建て	＋α	25	70	4.13	50
賃貸経営 委託	＋α	-	10	12.37	91
賃貸経営 一括借り上げ	＋α	-	10	0	43
賃貸経営 イベント	＋α	-	10	0	100
賃貸経営 インボイス	＋α	-	10	0	0
賃貸経営 いくら	＋α	-	10	0	86
賃貸経営 出口戦略	＋α	-	10	2.94	57
賃貸経営 いくら必要	＋α	-	0	0	0
賃貸経営 言い換え	＋α	-	0	0	0
賃貸経営 英語	＋α	-	10	0	0
賃貸経営 営業電話	＋α	-	10	0	0
賃貸経営 営業	＋α	-	10	0	0
賃貸経営 エアコン	＋α	24	10	0	10
賃貸経営 エクセル	＋α	-	10	0	0
エイブル 賃貸経営	＋α	-	10	0	86
賃貸経営 オーナー	＋α	-	20	6.91	49
賃貸経営 大手	＋α	-	10	0	14
賃貸経営 おすすめ	＋α	-	10	0	93
賃貸経営 大阪	＋α	-	10	13.81	69
賃貸経営+相続対策 大家さんフェスタ	＋α	-	0	0	0
賃貸経営+相続対策 大家さんフェスタ 2025春	＋α	-	0	0	0
賃貸経営+相続対策 大家さんフェスタ 2025秋	＋α	-	0	0	0
親の土地 賃貸経営	＋α	-	0	0	0
岡山 賃貸経営	＋α	-	10	0	14
賃貸経営 火災保険	＋α	29	10	0	11
賃貸経営 会社	＋α	-	10	6.47	63
賃貸経営 確定申告	＋α	31	20	3.09	52
賃貸経営 管理費	＋α	-	10	0	0
賃貸経営 会計ソフト	＋α	-	10	12.41	100
賃貸経営 管理士	＋α	44	2900	1.49	2
賃貸経営 確定申告 経費	＋α	-	10	0	0
賃貸経営 火災保険 経費	＋α	-	0	0	0
賃貸経営 キャッシュフロー	＋α	-	10	3.49	40
賃貸経営 金利	＋α	-	10	0	0
賃貸経営 起業	＋α	-	10	0	0
賃貸経営 企業	＋α	-	10	0	0
競売物件 賃貸経営	＋α	-	0	0	0
教員 賃貸経営	＋α	-	0	0	0
賃貸経営 空室対策	＋α	27	20	5.1	37
賃貸経営 固定資産税 経費	＋α	-	0	0	0
賃貸経営 個人	＋α	-	10	7.28	50
賃貸経営 個人事業主	＋α	40	30	4.6	20
賃貸経営 戸建て	＋α	-	20	6.49	40
賃貸経営 個人 法人	＋α	-	10	0	21
賃貸経営 固定資産税	＋α	-	10	0	21
賃貸経営 コンサルタント	＋α	-	10	0	54
賃貸経営 今後	＋α	-	10	0	64
賃貸経営 公務員	＋α	-	40	3.62	13
賃貸経営 コスト	＋α	-	10	0	100
賃貸経営 サポート	＋α	28	390	4.9	22
賃貸経営 サービス	＋α	-	10	0	57
賃貸経営 サイト	＋α	-	10	7.14	86
賃貸経営 サブリース	＋α	27	10	5.79	95
賃貸経営 サラリーマン	＋α	-	20	4.75	62
札幌 賃貸経営	＋α	-	10	0	43
サラリーマン 賃貸経営 節税	＋α	29	10	9.15	96
サ高住 賃貸経営	＋α	-	0	0	0
賃貸経営 シミュレーション	＋α	-	20	5.9	56
賃貸経営 初心者	＋α	-	10	29.12	27
賃貸経営 修繕費	＋α	-	10	2.9	46
賃貸経営 収入	＋α	-	10	0	13
賃貸経営 スーモ	＋α	-	0	0	0
住友林業 賃貸経営	＋α	-	10	37.05	57
住友不動産 賃貸経営	＋α	-	10	0	52
賃貸経営 セミナー	＋α	-	50	10.58	64
賃貸経営 節税	＋α	-	20	16.35	37
賃貸経営 積水ハウス	＋α	47	50	6.72	70
賃貸経営 節税対策	＋α	46	10	0	86
賃貸経営 生活保護	＋α	-	10	0	0
賃貸経営 成功	＋α	26	10	0	0
賃貸 経営 成功率	＋α	-	0	0	0
積水ハウス 賃貸経営 評判	＋α	-	20	2.85	22
セキスイハイム 賃貸経営	＋α	-	20	8.35	84
賃貸経営 相談	＋α	28	30	13.02	81
賃貸経営 相続税対策	＋α	-	10	4.64	54
賃貸経営 相続	＋α	-	30	2.6	33
賃貸経営 損益分岐点	＋α	-	10	0	14
賃貸経営 空室率	＋α	-	10	0	3
賃貸経営 相続対策	＋α	31	10	0	17
賃貸経営 宅建	＋α	-	10	0	0
賃貸経営 大変	＋α	-	10	0	14
賃貸経営 駐車場	＋α	-	0	0	0
賃貸経営 知恵袋	＋α	-	0	0	0
賃貸経営 チラシ	＋α	-	10	0	0
賃貸経営 帳簿	＋α	-	10	0	0
賃貸経営 中古	＋α	-	10	5.95	68
見える 賃貸経営 賃貸需要ヒートマップ	＋α	-	20	0	8
見える 賃貸経営 賃貸需要	＋α	41	10	5.97	38
中古マンション 賃貸経営	＋α	-	10	9.61	75
中古戸建 賃貸経営	＋α	-	10	2.56	62
中古物件 賃貸経営	＋α	-	10	4.25	54
賃貸経営 手数料	＋α	-	10	0	43
賃貸経営 手残り	＋α	-	0	0	0
賃貸経営 手取り	＋α	-	0	0	0
テナント 賃貸経営	＋α	-	0	0	0
テラスハウス 賃貸経営	＋α	-	10	0	43
賃貸経営 とは	＋α	-	10	0	21
賃貸経営 トラスト	＋α	-	10	0	4
賃貸経営 トラブル	＋α	-	10	0	11
賃貸経営 土地あり	＋α	-	0	0	0
賃貸経営 東京	＋α	-	10	0	0
賃貸経営 土地なし	＋α	-	10	0	66
賃貸経営 トレンド	＋α	-	0	0	0
賃貸経営 投資	＋α	-	10	0	36
賃貸経営 悩み	＋α	-	10	0	100
賃貸経営 なんj	＋α	-	0	0	0
賃貸経営 流れ	＋α	-	10	0	86
名古屋 賃貸経営	＋α	-	10	0	93
賃貸経営 ニュース	＋α	-	10	0	0
賃貸経営 入居率	＋α	-	10	0	71
賃貸経営 認知症	＋α	-	0	0	0
日本政策金融公庫 賃貸経営	＋α	-	10	6.17	56
賃貸経営 年収	＋α	-	10	0	5
賃貸経営 始め方	＋α	42	30	6.63	70
賃貸経営 ハウスメーカー	＋α	-	10	0	0
賃貸経営 必要資格	＋α	-	10	0	33
賃貸経営 費用	＋α	-	10	6.66	91
賃貸経営 ヒートマップ	＋α	-	10	0	27
賃貸経営 表面利回り	＋α	-	10	0	40
見える 賃貸経営 ヒートマップ	＋α	-	30	0	11
大和ハウス 賃貸経営 評判	＋α	-	10	0	38
大東建託 賃貸経営 評判	＋α	-	10	0	64
平屋 賃貸経営	＋α	-	10	2.19	63
賃貸経営 副業	＋α	-	20	3.24	55
賃貸経営 不動産管理士	＋α	41	40500	1.28	5
賃貸経営 不動産	＋α	31	260	5.29	20
賃貸経営 福岡	＋α	-	10	8.03	30
賃貸経営 不労所得	＋α	33	10	0	79
賃貸経営 不動産会社	＋α	-	0	0	0
賃貸経営 不動産投資 違い	＋α	-	0	0	0
賃貸経営 不動産屋	＋α	-	10	0	100
賃貸経営 不安	＋α	-	10	0	33
公務員 賃貸経営 副業	＋α	45	0	0	0
賃貸経営 返済比率	＋α	-	10	0	20
ヘーベルハウス 賃貸経営	＋α	-	30	5.06	75
ヘーベルメゾン 賃貸経営	＋α	-	0	0	0
賃貸経営 保険	＋α	-	10	0	14
賃貸経営 マップ	＋α	28	210	7.08	36
賃貸経営 マンション	＋α	30	260	8.9	51
賃貸経営 間取り	＋α	45	10	0	33
マンション 賃貸経営 個人	＋α	42	20	5.21	77
マンション 賃貸経営 経費	＋α	-	20	3.52	49
マンション 一室 賃貸経営	＋α	-	0	0	0
賃貸経営 見える	＋α	-	10	0	14
三井ホーム 賃貸経営	＋α	-	10	10.5	55
三井不動産 賃貸経営	＋α	-	0	0	0
三井のリハウス 賃貸経営	＋α	-	10	0	29
ミサワホーム 賃貸経営	＋α	-	10	7.74	57
賃貸経営 難しい	＋α	-	10	0	33
賃貸経営 メリット	＋α	-	10	3.83	55
賃貸経営 メリット デメリット	＋α	-	10	3.51	57
賃貸経営 迷惑電話	＋α	-	10	0	0
賃貸経営 名刺	＋α	-	10	0	0
トラスト 賃貸経営 迷惑電話	＋α	-	40	0	0
メゾネット 賃貸経営	＋α	38	10	0	100
賃貸経営 儲からない	＋α	28	110	3.98	18
賃貸経営 儲かる	＋α	-	10	1.94	54
持ち家 賃貸経営	＋α	-	10	0	86
賃貸経営 やめたい	＋α	-	0	0	0
賃貸経営 やり方	＋α	-	10	13.19	73
賃貸経営 家賃保証	＋α	-	10	3.37	90
賃貸経営 やめとけ	＋α	-	0	0	0
賃貸経営 家賃	＋α	-	0	0	0
ヤマダホームズ 賃貸経営	＋α	-	0	0	0
賃貸経営 融資	＋α	33	10	6.69	82
賃貸経営 予算	＋α	-	10	0	36
賃貸経営 ラクサス	＋α	-	10	3.3	41
賃貸経営 ランキング	＋α	-	10	14.62	74
賃貸経営 ランニングコスト	＋α	-	10	5.12	57
楽待 賃貸経営 マップ	＋α	-	170	5.83	29
楽待 賃貸経営	＋α	-	0	0	0
楽町 賃貸経営 マップ	＋α	-	10	3.45	35
ライフルホームズ 賃貸経営	＋α	-	0	0	0
賃貸経営 リスク	＋α	28	50	3.91	20
賃貸経営 利益率	＋α	-	10	2.44	57
賃貸経営 リフォームローン	＋α	-	0	0	0
賃貸経営 リフォーム 経費	＋α	-	0	0	0
賃貸経営 レバレッジ	＋α	-	0	0	0
老後 賃貸経営	＋α	-	10	0	57
d-room 賃貸経営	＋α	-	0	0	0
ワンルーム 賃貸経営	＋α	-	10	0	43
ガレージハウス 賃貸経営	＋α	34	30	5.2	61
賃貸経営 gi	＋α	-	0	0	0
賃貸経営 業種	＋α	-	10	0	7
gi 賃貸経営 電話	＋α	-	0	0	0
賃貸経営 減価償却	＋α	-	10	9.81	23
賃貸経営 減価償却 節税	＋α	-	0	0	0
賃貸経営 ゲーム	＋α	-	10	0	0
賃貸経営 減価償却費	＋α	-	10	0	29
賃貸経営 合格点	＋α	-	0	0	0
合同会社 賃貸経営	＋α	-	10	4.32	76
賃貸経営 雑誌	＋α	-	10	0	100
賃貸経営 事業計画書	＋α	-	10	2.91	54
賃貸経営 住宅ローン	＋α	-	10	0	32
賃貸経営 実質利回り	＋α	-	10	0	14
賃貸経営 地獄	＋α	-	10	0	21
賃貸経営 需要	＋α	-	10	0	71
賃貸経営 地震保険	＋α	-	10	0	0
賃貸経営 事業的規模	＋α	-	10	0	100
賃貸経営 自己資金	＋α	-	10	0	43
賃貸経営 事業税	＋α	-	10	0	21
実家 賃貸経営	＋α	27	20	5.56	34
賃貸経営 税理士	＋α	-	10	7.18	84
賃貸経営 大東建託	＋α	-	30	22.17	64
賃貸経営 大和ハウス	＋α	-	50	10.59	75
ダイワハウス 賃貸経営	＋α	-	50	10.59	75
団地 賃貸経営	＋α	-	0	0	0
大師前駅 賃貸経営	＋α	-	0	0	0
賃貸経営 デメリット	＋α	-	10	0	18
賃貸経営 デッドクロス	＋α	-	10	10.39	55
賃貸経営 電話	＋α	-	10	0	14
戸 建 賃貸経営 デメリット	＋α	30	40	2.19	26
トラスト 賃貸経営 電話	＋α	-	10	0	0
賃貸経営 道場	＋α	-	0	0	0
賃貸経営 売却	＋α	-	10	0	21
賃貸経営 物件	＋α	-	10	0	67
賃貸経営 ブランド	＋α	-	0	0	0
賃貸経営 ブログ	＋α	-	10	0	33
分譲マンション 賃貸経営	＋α	-	10	0	86
賃貸経営 勉強	＋α	-	10	7.29	76
賃貸経営 勉強会	＋α	-	10	0	50
パナソニックホームズ 賃貸経営	＋α	-	10	16.06	44
パナソニック 賃貸経営	＋α	-	10	0	86
賃貸経営 ペット可	＋α	-	0	0	0
ポラス 賃貸経営	＋α	-	10	11.93	63
賃貸経営 cm	＋α	-	10	0	0
lifull home's 賃貸経営	＋α	-	0	0	0
lifull 賃貸経営	＋α	-	0	0	0